{"CustomAccuracy": [11.64, 17.81, 23.21, 26.08, 28.7, 29.03, 28.72, 28.73, 28.4, 27.84, 27.76, 27.47, 26.83, 26.6, 27.23, 26.39, 25.96, 26.45, 25.92, 25.99], "CustomLoss": [4.150533395045248, 3.677779777885398, 3.37387295330272, 3.078483624226602, 2.815340439681812, 2.5610247082112694, 2.3113121873582414, 2.0533566365156637, 1.7974817527224645, 1.5506925969325063, 1.3483771127660562, 1.1671012996712609, 1.0363917996358993, 0.9123721597216014, 0.8180601457729364, 0.7292537526477634, 0.6743239960859498, 0.6158118113837279, 0.565306634873228, 0.5287344996886485], "ResNet50Accuracy": [39.78, 53.21, 59.15, 63.04, 64.97, 65.29, 67.4, 66.02, 66.39, 66.74, 65.35, 64.99, 66.47, 65.09, 66.51, 66.14, 67.04, 66.6, 67.12, 66.91], "ResNet50Loss": [2.818287150481778, 1.7380139477112715, 1.3181255274568981, 1.0497617058055786, 0.8223123418553101, 0.641903677216881, 0.4785351217593378, 0.3615732583052972, 0.2800398459538932, 0.22327847362441175, 0.19386138594554514, 0.15940526053261803, 0.1513686307069972, 0.13297042813476012, 0.12188387450540576, 0.10837201128744751, 0.10688719880359862, 0.1063079423285411, 0.09269131776636176, 0.08630199029284251], "VGG19Accuracy": [48.76, 50.9, 53.53, 52.91, 55.26, 53.93, 55.17, 54.75, 55.55, 55.8, 55.43, 55.98, 56.36, 55.59, 55.96, 56.83, 55.81, 55.71, 56.83, 57.11], "VGG19Loss": [2.6681237421987003, 2.224416732330761, 2.0572609218490094, 1.9080600267481012, 1.8333129164050608, 1.778789874385385, 1.6742185328317725, 1.6161808463008813, 1.585587261735326, 1.5447941236483775, 1.4963064718886714, 1.4521435602089328, 1.4293659939180554, 1.3791365719512296, 1.3525687274725542, 1.3561685464876083, 1.3225385390431679, 1.3125515681550937, 1.2767316042767156, 1.2762480867488304], "DenseNet121Accuracy": [60.13, 65.63, 69.16, 71.65, 71.04, 73.48, 71.96, 73.37, 74.11, 74.18, 72.78, 74.04, 74.85, 73.65, 75.33, 74.82, 74.88, 74.24, 74.76, 74.96], "DenseNet121Loss": [1.8431787322396818, 1.0955902665396176, 0.8587542179295474, 0.6822660943812422, 0.555621364499297, 0.44336009296157475, 0.37094633409853484, 0.30753790061263475, 0.2590516194501115, 0.22029161899138594, 0.20992148626843454, 0.17904373069229484, 0.16471291172896962, 0.15252823711794508, 0.13852241604715165, 0.1236668371790758, 0.14561650529742012, 0.11360059268748783, 0.1166801152767523, 0.0946865833579989], "EfficientNetB0Accuracy": [71.96, 74.47, 76.67, 76.59, 77.05, 76.73, 76.91, 76.46, 77.99, 77.38, 78.53, 77.52, 77.74, 77.93, 77.85, 77.95, 77.43, 77.52, 77.78, 78.34], "EfficientNetB0Loss": [1.4120722629530045, 0.800383516399147, 0.6037280935689312, 0.4848295468884661, 0.40400393613997626, 0.32976086936948246, 0.2940273511573634, 0.2620472488186472, 0.23388680764724074, 0.20636114970926206, 0.1882054709693622, 0.17357233079755321, 0.16452266006966304, 0.16738024831670897, 0.1403239167115563, 0.14064703889243552, 0.12733677835763454, 0.11842477575416112, 0.12190438356474423, 0.11558294824867621]}